<?xml version='1.0' encoding='iso-8859-1' ?>
<VISIONLOG version='1'>
<RECORD>
<VALUE tag='1' text='When' type='12' raw='1492734062'>25-JUL-2024  10:03:28</VALUE>
<VALUE tag='2' text='Event' type='13' raw='0'>RUN_FIND</VALUE>
<VALUE tag='3' text='Vision Data' type='9' raw='%41%4e%54%45%4e%41%56%45%52%49%46%49%43%41%54%49%4f%4e'>ANTENAVERIFICATION</VALUE>
<RECORD>
<VALUE tag='4' text='Camera View' type='17'>1</VALUE>
<VALUE tag='113' text='Camera Data Name' type='9' raw='%41%4e%54%45%4e%41'>ANTENA</VALUE>
<RECORD>
<VALUE tag='80' text='Tool Name' type='9' raw='%53%6e%61%70%20%54%6f%6f%6c%20%31'>Snap Tool 1</VALUE>
<VALUE tag='134' text='Image' type='24' raw='0'>VIMG000000.PNG</VALUE>
<VALUE tag='213' text='Snap Window' type='26' raw='0 0 1024 1280'>(0,0) 1024*1280</VALUE>
<VALUE tag='214' text='Resolution Reduction Level' type='3'>1</VALUE>
</RECORD>
</RECORD>
</RECORD>
</VISIONLOG>
